id,first_name,last_name,email,gender,ip_address
1,Jack,Fields,jfields0@cafepress.com,Male,11.247.204.232
2,Kelly,Walker,kwalker1@samsung.com,Female,254.247.41.8
3,Pamela,Romero,promero2@narod.ru,Female,31.241.98.101
4,Ruth,Bradley,rbradley3@netvibes.com,Female,48.251.73.97
5,Randy,Murphy,rmurphy4@java.com,Male,241.186.233.247
6,Daniel,Arnold,darnold5@sphinn.com,Male,222.185.91.108
7,Doris,Gomez,dgomez6@edublogs.org,Female,252.55.8.108
8,Carlos,Russell,crussell7@ow.ly,Male,233.157.255.67
9,Helen,Hansen,hhansen8@exblog.jp,Female,131.219.157.148
10,Michelle,Warren,mwarren9@feedburner.com,Female,5.11.121.24
11,Christina,Jackson,cjacksona@google.co.jp,Female,243.110.255.25
12,Janice,Olson,jolsonb@vimeo.com,Female,180.72.12.88
13,Theresa,Stevens,tstevensc@gravatar.com,Female,237.72.178.4
14,Pamela,Ray,prayd@cocolog-nifty.com,Female,171.215.253.69
15,Keith,Washington,kwashingtone@nifty.com,Male,88.68.160.213
16,Sharon,Frazier,sfrazierf@360.cn,Female,47.56.252.132
17,Robert,Stewart,rstewartg@usa.gov,Male,98.249.215.204
18,Betty,James,bjamesh@google.ru,Female,190.196.221.48
19,Louise,Robinson,lrobinsoni@mediafire.com,Female,240.13.128.232
20,Janet,Torres,jtorresj@time.com,Female,180.108.55.252
21,Ashley,Scott,ascottk@tinyurl.com,Female,91.75.241.6
22,Justin,Allen,jallenl@va.gov,Male,237.189.141.25
23,Sandra,Ellis,sellism@lycos.com,Female,43.122.14.152
24,Louis,Stevens,lstevensn@cam.ac.uk,Male,27.134.31.33
25,Kevin,Dunn,kdunno@naver.com,Male,237.100.205.119
26,Tina,Diaz,tdiazp@altervista.org,Female,185.142.239.177
27,Steve,Campbell,scampbellq@mlb.com,Male,252.66.151.11
28,Emily,Carter,ecarterr@jalbum.net,Female,198.122.138.249
29,Marilyn,Campbell,mcampbells@google.co.jp,Female,116.241.233.150
30,Roy,Simmons,rsimmonst@berkeley.edu,Male,53.84.179.115
31,Janice,Lawson,jlawsonu@nytimes.com,Female,132.35.212.122
32,Christina,Gonzalez,cgonzalezv@shinystat.com,Female,54.187.175.92
33,Bonnie,Harper,bharperw@canalblog.com,Female,144.113.149.18
34,Christina,Griffin,cgriffinx@scientificamerican.com,Female,44.44.93.224
35,Johnny,Hansen,jhanseny@devhub.com,Male,39.62.90.90
36,Laura,Johnson,ljohnsonz@friendfeed.com,Female,212.57.249.26
37,Teresa,Coleman,tcoleman10@narod.ru,Female,159.181.199.48
38,Peter,Reid,preid11@bloglines.com,Male,203.12.116.146
39,Susan,Arnold,sarnold12@bloglines.com,Female,99.64.122.155
40,Brandon,Gibson,bgibson13@pagesperso-orange.fr,Male,71.146.134.44
41,Mildred,Warren,mwarren14@amazon.de,Female,178.130.252.67
42,Benjamin,Peterson,bpeterson15@theguardian.com,Male,20.155.134.225
43,Nicholas,Watson,nwatson16@amazon.co.jp,Male,141.190.250.165
44,Jonathan,Sims,jsims17@plala.or.jp,Male,230.158.119.250
45,Joe,Hunt,jhunt18@php.net,Male,64.152.86.62
46,Andrea,Austin,aaustin19@ocn.ne.jp,Female,245.154.166.86
47,Christina,Richardson,crichardson1a@unc.edu,Female,212.83.253.174
48,Tammy,Harper,tharper1b@samsung.com,Female,101.154.228.162
49,Joshua,Jordan,jjordan1c@un.org,Male,163.104.119.98
50,Howard,Montgomery,hmontgomery1d@myspace.com,Male,51.5.204.157
51,Sean,Hamilton,shamilton1e@simplemachines.org,Male,151.51.206.10
52,Ronald,Marshall,rmarshall1f@goo.ne.jp,Male,58.202.120.100
53,Timothy,Webb,twebb1g@imdb.com,Male,193.174.118.215
54,Jeffrey,Vasquez,jvasquez1h@aboutads.info,Male,205.128.59.214
55,Andrea,Arnold,aarnold1i@bigcartel.com,Female,230.62.221.183
56,Martin,Carr,mcarr1j@blog.com,Male,113.154.174.213
57,John,Palmer,jpalmer1k@apache.org,Male,149.228.82.186
58,Samuel,Stephens,sstephens1l@google.nl,Male,12.123.95.5
59,Elizabeth,Williams,ewilliams1m@cnet.com,Female,83.228.9.253
60,Anne,Wallace,awallace1n@senate.gov,Female,153.203.196.254
61,Emily,Vasquez,evasquez1o@nba.com,Female,142.149.148.245
62,Howard,Foster,hfoster1p@dedecms.com,Male,209.79.98.125
63,Lois,Lane,llane1q@sphinn.com,Female,197.209.82.193
64,Betty,Hamilton,bhamilton1r@walmart.com,Female,238.16.125.41
65,Betty,Hughes,bhughes1s@biblegateway.com,Female,147.176.97.166
66,Anne,Stanley,astanley1t@webmd.com,Female,142.220.111.240
67,Rachel,Meyer,rmeyer1u@wix.com,Female,90.52.247.148
68,Stephanie,Castillo,scastillo1v@google.nl,Female,134.86.235.36
69,Martha,Mendoza,mmendoza1w@google.es,Female,241.163.111.170
70,Sharon,Williams,swilliams1x@wisc.edu,Female,38.83.116.251
71,William,Hunt,whunt1y@mozilla.org,Male,170.196.101.107
72,Alice,Hayes,ahayes1z@gov.uk,Female,26.43.199.128
73,Kenneth,George,kgeorge20@hibu.com,Male,252.121.188.110
74,Lisa,Gutierrez,lgutierrez21@mapquest.com,Female,21.201.86.133
75,Lisa,Dean,ldean22@uol.com.br,Female,0.212.191.44
76,Linda,Ford,lford23@businessinsider.com,Female,104.99.89.35
77,Diana,Mcdonald,dmcdonald24@google.fr,Female,40.6.138.62
78,Jeremy,Perry,jperry25@canalblog.com,Male,172.219.165.22
79,Wayne,Hill,whill26@nyu.edu,Male,212.46.249.231
80,Michelle,Mills,mmills27@wikia.com,Female,153.19.201.164
81,Wanda,Knight,wknight28@qq.com,Female,146.212.226.45
82,Barbara,Diaz,bdiaz29@people.com.cn,Female,83.233.54.223
83,Doris,Chapman,dchapman2a@telegraph.co.uk,Female,49.121.87.128
84,Bonnie,Hernandez,bhernandez2b@spotify.com,Female,216.213.39.174
85,Shirley,Hayes,shayes2c@deviantart.com,Female,200.253.157.82
86,Margaret,Armstrong,marmstrong2d@yandex.ru,Female,230.98.24.236
87,Roger,Russell,rrussell2e@google.com.br,Male,248.185.80.103
88,Maria,Griffin,mgriffin2f@cbslocal.com,Female,146.188.1.243
89,Heather,Garrett,hgarrett2g@networksolutions.com,Female,45.90.92.37
90,Jessica,Graham,jgraham2h@live.com,Female,128.183.252.62
91,Teresa,Richardson,trichardson2i@printfriendly.com,Female,156.223.226.236
92,Phyllis,Harvey,pharvey2j@stumbleupon.com,Female,179.208.254.114
93,Catherine,Richardson,crichardson2k@e-recht24.de,Female,168.245.151.249
94,Jean,Kim,jkim2l@e-recht24.de,Female,28.160.6.215
95,Carol,Turner,cturner2m@oaic.gov.au,Female,16.33.14.81
96,Harry,Chavez,hchavez2n@cdc.gov,Male,139.143.4.206
97,Douglas,Shaw,dshaw2o@list-manage.com,Male,155.49.213.94
98,Christopher,Lawrence,clawrence2p@accuweather.com,Male,247.134.217.197
99,Donald,Jenkins,djenkins2q@seattletimes.com,Male,180.45.83.185
100,Alice,Willis,awillis2r@twitter.com,Female,71.202.103.233
101,Philip,Campbell,pcampbell2s@intel.com,Male,60.172.7.113
102,Craig,Dean,cdean2t@networkadvertising.org,Male,250.39.24.246
103,Judith,Meyer,jmeyer2u@ask.com,Female,82.244.231.84
104,Walter,Murphy,wmurphy2v@wordpress.org,Male,53.138.119.74
105,Albert,Palmer,apalmer2w@digg.com,Male,103.98.156.89
106,Shirley,Brooks,sbrooks2x@guardian.co.uk,Female,154.163.226.79
107,Alan,Wood,awood2y@illinois.edu,Male,95.76.180.12
108,Jerry,Ramirez,jramirez2z@google.nl,Male,76.133.216.2
109,John,Ellis,jellis30@google.es,Male,52.122.151.217
110,Brenda,Stone,bstone31@washingtonpost.com,Female,240.25.190.110
111,Melissa,Dixon,mdixon32@prlog.org,Female,175.26.135.112
112,Debra,Green,dgreen33@ehow.com,Female,7.37.252.106
113,Robin,Hughes,rhughes34@dagondesign.com,Female,174.76.57.17
114,Brenda,Stevens,bstevens35@diigo.com,Female,107.184.143.55
115,Sara,Medina,smedina36@shutterfly.com,Female,15.16.31.254
116,Kathleen,Banks,kbanks37@skyrock.com,Female,18.199.50.142
117,Terry,Frazier,tfrazier38@naver.com,Male,121.36.11.133
118,Gregory,Morales,gmorales39@com.com,Male,139.246.156.137
119,Annie,Roberts,aroberts3a@time.com,Female,175.163.84.230
120,Scott,Rose,srose3b@baidu.com,Male,56.235.144.76
121,Kimberly,Smith,ksmith3c@mashable.com,Female,123.215.110.208
122,Ralph,Williamson,rwilliamson3d@delicious.com,Male,122.253.4.87
123,Louis,Meyer,lmeyer3e@themeforest.net,Male,232.29.3.178
124,Carol,Medina,cmedina3f@yahoo.com,Female,245.178.113.36
125,Aaron,Russell,arussell3g@mozilla.com,Male,198.230.86.42
126,Bobby,Kelly,bkelly3h@geocities.com,Male,213.181.230.56
127,Amy,Myers,amyers3i@indiegogo.com,Female,165.193.133.223
128,Amanda,Nichols,anichols3j@admin.ch,Female,236.91.155.133
129,Heather,Lynch,hlynch3k@canalblog.com,Female,133.109.218.159
130,Joshua,Ray,jray3l@sciencedaily.com,Male,228.112.229.221
131,Dennis,Gonzales,dgonzales3m@xinhuanet.com,Male,69.146.93.157
132,Larry,Wheeler,lwheeler3n@ibm.com,Male,237.234.248.102
133,Irene,Lynch,ilynch3o@hud.gov,Female,201.131.226.211
134,Sharon,Wallace,swallace3p@usa.gov,Female,235.217.28.37
135,Douglas,Wright,dwright3q@nhs.uk,Male,178.51.52.18
136,Doris,Ryan,dryan3r@freewebs.com,Female,47.21.142.68
137,Tina,Bennett,tbennett3s@example.com,Female,225.133.188.42
138,Daniel,Powell,dpowell3t@usnews.com,Male,189.217.161.34
139,Lois,Sanders,lsanders3u@photobucket.com,Female,184.60.206.153
140,Anna,Lee,alee3v@storify.com,Female,110.210.46.204
141,Kelly,Hayes,khayes3w@sciencedaily.com,Female,132.255.185.251
142,Jean,Fisher,jfisher3x@taobao.com,Female,200.28.238.241
143,Dennis,Franklin,dfranklin3y@about.me,Male,21.11.183.166
144,Donna,Hayes,dhayes3z@timesonline.co.uk,Female,53.44.102.128
145,Larry,Watson,lwatson40@liveinternet.ru,Male,229.117.252.188
146,Russell,Castillo,rcastillo41@posterous.com,Male,112.28.9.230
147,Carolyn,Hall,chall42@technorati.com,Female,8.80.123.237
148,Jessica,Palmer,jpalmer43@altervista.org,Female,237.151.33.186
149,Heather,Cooper,hcooper44@fotki.com,Female,112.62.141.166
150,Lillian,Stanley,lstanley45@wunderground.com,Female,144.220.20.208
151,Jennifer,Harper,jharper46@theguardian.com,Female,140.243.210.227
152,Rachel,Gilbert,rgilbert47@zimbio.com,Female,233.172.152.178
153,Amanda,Scott,ascott48@msn.com,Female,108.46.94.250
154,Deborah,Wells,dwells49@networkadvertising.org,Female,79.75.130.163
155,Jean,Riley,jriley4a@pbs.org,Female,93.62.81.55
156,Norma,Sullivan,nsullivan4b@go.com,Female,112.34.219.142
157,Michelle,Harvey,mharvey4c@wired.com,Female,224.32.188.240
158,Sandra,Gibson,sgibson4d@delicious.com,Female,89.239.73.155
159,Annie,Austin,aaustin4e@ning.com,Female,201.83.226.154
160,Patrick,Hernandez,phernandez4f@people.com.cn,Male,31.243.185.147
161,Gregory,Garza,ggarza4g@twitpic.com,Male,55.22.60.121
162,Annie,Shaw,ashaw4h@examiner.com,Female,24.116.155.236
163,Debra,Henderson,dhenderson4i@de.vu,Female,219.128.195.216
164,Howard,Snyder,hsnyder4j@google.es,Male,83.242.9.245
165,Raymond,Dixon,rdixon4k@friendfeed.com,Male,15.33.207.199
166,Sarah,Reid,sreid4l@ifeng.com,Female,166.194.126.36
167,John,Martin,jmartin4m@posterous.com,Male,98.79.69.212
168,Mildred,Simpson,msimpson4n@dell.com,Female,98.162.235.204
169,Jean,Torres,jtorres4o@wikispaces.com,Female,100.158.39.29
170,Shawn,Rogers,srogers4p@imdb.com,Male,78.110.201.114
171,Roger,King,rking4q@flickr.com,Male,250.137.104.218
172,Brian,Johnson,bjohnson4r@zimbio.com,Male,225.186.142.239
173,Angela,Wright,awright4s@exblog.jp,Female,172.176.166.4
174,Phillip,Little,plittle4t@exblog.jp,Male,98.156.239.111
175,Jennifer,Ortiz,jortiz4u@jimdo.com,Female,252.42.67.189
176,Antonio,Ramirez,aramirez4v@paginegialle.it,Male,26.144.44.0
177,Brian,Richardson,brichardson4w@unc.edu,Male,250.88.142.42
178,Dennis,Wood,dwood4x@mtv.com,Male,188.181.217.184
179,Ashley,Warren,awarren4y@geocities.jp,Female,208.93.163.33
180,Kathy,Knight,kknight4z@google.nl,Female,7.5.96.85
181,Julia,Greene,jgreene50@privacy.gov.au,Female,74.204.248.130
182,Louise,Henderson,lhenderson51@people.com.cn,Female,151.71.132.35
183,Katherine,Lawrence,klawrence52@hao123.com,Female,20.5.105.8
184,Richard,Lawson,rlawson53@prweb.com,Male,51.255.108.33
185,Jimmy,Ellis,jellis54@umich.edu,Male,105.94.189.243
186,Terry,Black,tblack55@ft.com,Male,38.179.155.52
187,Janice,Murphy,jmurphy56@techcrunch.com,Female,68.138.247.19
188,Arthur,Morgan,amorgan57@ovh.net,Male,13.195.27.125
189,Willie,Hunter,whunter58@amazon.de,Male,9.167.103.35
190,Jesse,Nguyen,jnguyen59@washington.edu,Male,112.140.200.114
191,Ralph,Foster,rfoster5a@telegraph.co.uk,Male,77.203.241.77
192,Sara,Sims,ssims5b@stanford.edu,Female,28.97.244.252
193,Sara,Allen,sallen5c@zdnet.com,Female,129.93.34.11
194,Bobby,Ellis,bellis5d@disqus.com,Male,235.10.120.231
195,Jeffrey,Hudson,jhudson5e@free.fr,Male,219.146.183.224
196,Frank,Lee,flee5f@about.com,Male,15.131.45.75
197,George,Richardson,grichardson5g@twitter.com,Male,27.45.104.29
198,Kathy,Jenkins,kjenkins5h@who.int,Female,67.167.188.188
199,David,Stevens,dstevens5i@wikia.com,Male,183.4.33.74
200,Gary,Johnson,gjohnson5j@discuz.net,Male,163.21.251.206
201,Shawn,Tucker,stucker5k@seattletimes.com,Male,223.137.170.73
202,Rachel,Jenkins,rjenkins5l@dailymotion.com,Female,244.49.58.119
203,Jennifer,Montgomery,jmontgomery5m@w3.org,Female,115.40.205.137
204,Anna,Graham,agraham5n@example.com,Female,31.59.140.72
205,Ashley,Gilbert,agilbert5o@wikispaces.com,Female,245.133.18.58
206,Rebecca,King,rking5p@gmpg.org,Female,70.255.41.24
207,Terry,Collins,tcollins5q@zimbio.com,Male,229.169.127.213
208,Carl,Fox,cfox5r@who.int,Male,138.147.28.24
209,Sean,Collins,scollins5s@google.ru,Male,251.52.115.187
210,Douglas,Taylor,dtaylor5t@paypal.com,Male,202.235.53.135
211,Victor,Schmidt,vschmidt5u@virginia.edu,Male,92.130.195.142
212,Henry,Wilson,hwilson5v@comsenz.com,Male,210.209.103.48
213,Ryan,Jenkins,rjenkins5w@webnode.com,Male,53.93.37.197
214,Jason,Johnson,jjohnson5x@huffingtonpost.com,Male,184.127.103.242
215,Anne,Mcdonald,amcdonald5y@unc.edu,Female,218.105.248.94
216,Eric,Richards,erichards5z@multiply.com,Male,220.100.168.37
217,Shawn,Ruiz,sruiz60@shareasale.com,Male,100.7.27.239
218,Rachel,Robinson,rrobinson61@biglobe.ne.jp,Female,246.123.153.124
219,Philip,Freeman,pfreeman62@cdc.gov,Male,226.150.145.130
220,Martha,Hudson,mhudson63@bizjournals.com,Female,20.226.134.185
221,Terry,Fernandez,tfernandez64@earthlink.net,Male,95.247.239.43
222,Maria,Clark,mclark65@google.ca,Female,3.202.35.201
223,Janet,Stephens,jstephens66@yandex.ru,Female,144.106.180.106
224,Shawn,Hudson,shudson67@princeton.edu,Male,200.14.230.162
225,Phyllis,Hudson,phudson68@alexa.com,Female,137.137.100.17
226,Carlos,Chavez,cchavez69@nifty.com,Male,247.172.171.61
227,Todd,Mccoy,tmccoy6a@dagondesign.com,Male,31.183.50.87
228,Janet,Jenkins,jjenkins6b@ed.gov,Female,213.241.127.241
229,Lawrence,Castillo,lcastillo6c@un.org,Male,86.60.207.118
230,Karen,Dean,kdean6d@cnbc.com,Female,192.164.139.129
231,Karen,Cox,kcox6e@fc2.com,Female,79.18.247.2
232,Steve,Daniels,sdaniels6f@loc.gov,Male,156.156.92.114
233,Gary,Watkins,gwatkins6g@wired.com,Male,169.97.134.253
234,Brandon,Torres,btorres6h@europa.eu,Male,61.202.225.205
235,Douglas,Snyder,dsnyder6i@kickstarter.com,Male,19.60.159.208
236,Gloria,Green,ggreen6j@state.tx.us,Female,250.138.14.108
237,Lisa,Robertson,lrobertson6k@ucla.edu,Female,140.73.188.174
238,Brandon,Smith,bsmith6l@amazon.de,Male,80.13.189.113
239,Ralph,Barnes,rbarnes6m@chron.com,Male,132.56.249.55
240,Larry,Morris,lmorris6n@geocities.com,Male,100.154.8.80
241,Robert,Ryan,rryan6o@amazon.de,Male,42.55.3.142
242,Frank,Davis,fdavis6p@pcworld.com,Male,62.238.166.14
243,Maria,Kim,mkim6q@blogspot.com,Female,29.250.131.103
244,Johnny,Black,jblack6r@ucla.edu,Male,77.25.204.129
245,Rose,Miller,rmiller6s@chron.com,Female,178.69.140.150
246,Emily,Cook,ecook6t@nationalgeographic.com,Female,205.202.89.3
247,Andrew,Kelley,akelley6u@bbb.org,Male,188.42.128.159
248,Kathy,Rice,krice6v@theatlantic.com,Female,83.174.79.99
249,Anna,Bailey,abailey6w@unesco.org,Female,1.181.221.130
250,Howard,Perkins,hperkins6x@ning.com,Male,164.72.251.208
251,Peter,Long,plong6y@deviantart.com,Male,108.53.212.227
252,Steve,Simmons,ssimmons6z@nature.com,Male,156.86.202.166
253,Keith,Weaver,kweaver70@google.it,Male,32.126.167.48
254,Jeremy,Murray,jmurray71@e-recht24.de,Male,44.17.76.98
255,Tina,Gutierrez,tgutierrez72@spotify.com,Female,35.246.15.103
256,Emily,Thompson,ethompson73@ucoz.com,Female,30.123.205.156
257,Jennifer,Harvey,jharvey74@newyorker.com,Female,137.59.200.173
258,Ruby,Roberts,rroberts75@ftc.gov,Female,195.149.154.164
259,Jeffrey,Bowman,jbowman76@samsung.com,Male,246.124.111.153
260,Martha,Anderson,manderson77@unblog.fr,Female,173.198.234.201
261,Deborah,Bell,dbell78@wordpress.org,Female,251.237.66.74
262,Nicholas,Morrison,nmorrison79@usnews.com,Male,62.77.9.54
263,Arthur,Thompson,athompson7a@vistaprint.com,Male,100.201.106.157
264,Jesse,Jordan,jjordan7b@yahoo.co.jp,Male,194.220.87.254
265,Ashley,King,aking7c@intel.com,Female,147.178.54.148
266,Eric,Nguyen,enguyen7d@histats.com,Male,186.36.226.13
267,Daniel,Lee,dlee7e@wunderground.com,Male,223.218.216.219
268,Joshua,Kelley,jkelley7f@sourceforge.net,Male,24.57.44.133
269,Aaron,Taylor,ataylor7g@irs.gov,Male,49.243.40.150
270,Alan,Thompson,athompson7h@salon.com,Male,244.13.217.201
271,Justin,Graham,jgraham7i@ycombinator.com,Male,131.245.33.5
272,Roy,Anderson,randerson7j@pbs.org,Male,210.127.36.228
273,Anne,Cooper,acooper7k@indiegogo.com,Female,100.128.216.33
274,Shirley,Johnson,sjohnson7l@dropbox.com,Female,106.209.16.73
275,Anna,Kim,akim7m@msn.com,Female,25.220.185.94
276,Kathleen,Wallace,kwallace7n@slate.com,Female,219.29.144.68
277,Nancy,Black,nblack7o@tamu.edu,Female,210.216.37.249
278,Jeremy,Pierce,jpierce7p@pbs.org,Male,133.214.2.161
279,James,Meyer,jmeyer7q@php.net,Male,91.23.21.181
280,Rachel,Jordan,rjordan7r@nyu.edu,Female,151.232.26.209
281,Henry,Spencer,hspencer7s@taobao.com,Male,241.202.197.164
282,Jeffrey,Banks,jbanks7t@is.gd,Male,83.76.202.112
283,Joshua,Watson,jwatson7u@canalblog.com,Male,161.78.215.188
284,Denise,Patterson,dpatterson7v@jimdo.com,Female,166.177.249.249
285,Albert,Barnes,abarnes7w@sitemeter.com,Male,126.105.25.247
286,Justin,Myers,jmyers7x@mit.edu,Male,79.143.209.98
287,Roger,Owens,rowens7y@house.gov,Male,154.63.70.147
288,Ann,Wood,awood7z@washington.edu,Female,5.62.236.29
289,Lisa,Lawson,llawson80@xing.com,Female,155.148.163.246
290,Henry,Vasquez,hvasquez81@github.com,Male,156.122.63.183
291,Shirley,Stewart,sstewart82@sciencedaily.com,Female,63.243.15.116
292,Jimmy,Jacobs,jjacobs83@engadget.com,Male,75.80.20.230
293,Carlos,Burton,cburton84@umn.edu,Male,31.218.253.35
294,Janice,Stone,jstone85@dmoz.org,Female,246.210.215.168
295,Laura,Kelley,lkelley86@java.com,Female,182.137.247.54
296,Roy,Garcia,rgarcia87@indiatimes.com,Male,105.175.65.114
297,Wayne,Ward,wward88@princeton.edu,Male,139.201.240.137
298,Marilyn,Willis,mwillis89@constantcontact.com,Female,210.107.90.101
299,Evelyn,Chavez,echavez8a@delicious.com,Female,22.198.89.42
300,Fred,George,fgeorge8b@live.com,Male,118.152.73.203
301,Jimmy,George,jgeorge8c@elpais.com,Male,237.97.33.94
302,Jessica,Lawrence,jlawrence8d@cbsnews.com,Female,230.187.50.113
303,George,Grant,ggrant8e@google.pl,Male,94.238.20.27
304,Carl,Harris,charris8f@washingtonpost.com,Male,240.198.159.93
305,Antonio,Johnston,ajohnston8g@google.cn,Male,250.40.191.173
306,Anna,Wheeler,awheeler8h@canalblog.com,Female,77.212.97.15
307,Amy,Burke,aburke8i@auda.org.au,Female,60.134.221.118
308,Earl,Fowler,efowler8j@about.me,Male,51.40.176.116
309,Jennifer,Harper,jharper8k@hc360.com,Female,12.40.186.226
310,Jimmy,Crawford,jcrawford8l@merriam-webster.com,Male,250.4.213.139
311,Janet,Kennedy,jkennedy8m@weebly.com,Female,140.251.166.223
312,Wanda,Fox,wfox8n@pagesperso-orange.fr,Female,94.147.174.231
313,Pamela,Stanley,pstanley8o@craigslist.org,Female,31.163.158.129
314,Arthur,Moreno,amoreno8p@goodreads.com,Male,152.93.241.44
315,Sharon,Coleman,scoleman8q@hatena.ne.jp,Female,120.62.90.134
316,Betty,Graham,bgraham8r@skype.com,Female,38.220.27.19
317,Stephanie,Simpson,ssimpson8s@mayoclinic.com,Female,147.125.114.151
318,Lois,Gutierrez,lgutierrez8t@bloglines.com,Female,116.241.130.218
319,Mary,Bell,mbell8u@uiuc.edu,Female,172.115.93.45
320,Gary,Hernandez,ghernandez8v@csmonitor.com,Male,112.61.133.100
321,Joyce,James,jjames8w@yellowpages.com,Female,207.197.161.139
322,Wanda,Burns,wburns8x@usda.gov,Female,103.75.102.242
323,Angela,Cunningham,acunningham8y@alexa.com,Female,98.181.123.248
324,Joan,Dixon,jdixon8z@google.co.uk,Female,18.220.57.94
325,Jonathan,Fernandez,jfernandez90@w3.org,Male,230.44.160.165
326,Benjamin,Reed,breed91@mapy.cz,Male,71.116.3.179
327,Thomas,Bryant,tbryant92@ameblo.jp,Male,170.226.40.22
328,Kathryn,Kennedy,kkennedy93@wordpress.org,Female,175.124.151.140
329,Richard,Fuller,rfuller94@google.ca,Male,119.90.17.31
330,Jessica,Hall,jhall95@china.com.cn,Female,239.227.67.92
331,Laura,Gibson,lgibson96@friendfeed.com,Female,13.173.231.192
332,Martha,Bradley,mbradley97@bbc.co.uk,Female,218.78.47.187
333,Bruce,Morrison,bmorrison98@com.com,Male,104.135.187.4
334,Lillian,Walker,lwalker99@oracle.com,Female,156.155.48.29
335,Lisa,Bishop,lbishop9a@cdc.gov,Female,43.44.90.67
336,Gloria,Moreno,gmoreno9b@washington.edu,Female,49.249.8.22
337,Bobby,Hamilton,bhamilton9c@cafepress.com,Male,127.29.196.3
338,Gary,Nichols,gnichols9d@bizjournals.com,Male,79.161.198.80
339,Gloria,Wright,gwright9e@hexun.com,Female,124.114.249.183
340,Tammy,Wilson,twilson9f@networksolutions.com,Female,182.102.199.237
341,Nicholas,Morrison,nmorrison9g@squarespace.com,Male,77.75.209.156
342,Susan,Tucker,stucker9h@hud.gov,Female,136.231.238.74
343,Wayne,Olson,wolson9i@angelfire.com,Male,189.27.150.177
344,Irene,Fisher,ifisher9j@spotify.com,Female,152.113.101.215
345,Catherine,Mccoy,cmccoy9k@google.com.au,Female,238.139.158.190
346,Diane,Alvarez,dalvarez9l@addthis.com,Female,151.65.42.119
347,Christine,Morgan,cmorgan9m@creativecommons.org,Female,228.15.169.186
348,Tammy,Ford,tford9n@state.tx.us,Female,62.76.237.133
349,Steven,Collins,scollins9o@artisteer.com,Male,63.177.225.75
350,Jose,Cooper,jcooper9p@yellowpages.com,Male,0.227.189.27
351,Diane,Washington,dwashington9q@photobucket.com,Female,14.211.6.76
352,Todd,Nguyen,tnguyen9r@de.vu,Male,111.42.91.69
353,Phillip,Day,pday9s@gmpg.org,Male,209.70.227.53
354,Julie,Wallace,jwallace9t@last.fm,Female,99.242.78.127
355,Roy,Webb,rwebb9u@360.cn,Male,7.228.36.217
356,Keith,Willis,kwillis9v@businesswire.com,Male,197.58.19.191
357,Brenda,Thompson,bthompson9w@seattletimes.com,Female,158.40.251.96
358,Kimberly,Cole,kcole9x@sogou.com,Female,229.173.12.78
359,Janice,Bradley,jbradley9y@sohu.com,Female,60.69.153.19
360,Phillip,Reynolds,preynolds9z@cyberchimps.com,Male,193.251.246.78
361,Ralph,Lee,rleea0@twitpic.com,Male,34.8.32.47
362,Howard,Perry,hperrya1@bravesites.com,Male,30.90.142.165
363,Russell,Flores,rfloresa2@cbsnews.com,Male,89.194.84.36
364,Chris,Robinson,crobinsona3@nyu.edu,Male,68.89.113.95
365,Martha,Smith,msmitha4@google.de,Female,170.204.103.6
366,Norma,Cunningham,ncunninghama5@ebay.com,Female,12.14.127.49
367,Richard,Mcdonald,rmcdonalda6@accuweather.com,Male,94.99.88.83
368,John,Snyder,jsnydera7@ucoz.com,Male,146.193.54.169
369,Theresa,Jordan,tjordana8@flavors.me,Female,50.211.120.217
370,Phillip,Arnold,parnolda9@deliciousdays.com,Male,180.137.54.85
371,Lillian,Bishop,lbishopaa@dedecms.com,Female,82.13.72.234
372,Kenneth,Simmons,ksimmonsab@telegraph.co.uk,Male,17.221.78.230
373,Diana,Flores,dfloresac@liveinternet.ru,Female,160.165.28.96
374,Arthur,Russell,arussellad@blogs.com,Male,131.131.150.255
375,Catherine,Day,cdayae@spiegel.de,Female,233.201.30.38
376,Kevin,Frazier,kfrazieraf@technorati.com,Male,130.65.105.138
377,Russell,Cunningham,rcunninghamag@bravesites.com,Male,177.165.85.185
378,Martha,Fernandez,mfernandezah@delicious.com,Female,111.27.108.219
379,Ann,Morrison,amorrisonai@techcrunch.com,Female,51.194.120.133
380,Jacqueline,Griffin,jgriffinaj@netscape.com,Female,44.223.213.154
381,Scott,Peters,spetersak@engadget.com,Male,82.195.94.166
382,Earl,Gardner,egardneral@paginegialle.it,Male,17.249.172.130
383,Aaron,Watkins,awatkinsam@facebook.com,Male,157.120.243.219
384,Wayne,Harrison,wharrisonan@nationalgeographic.com,Male,235.166.113.27
385,Teresa,Rice,triceao@sciencedirect.com,Female,34.144.42.173
386,Christine,Walker,cwalkerap@feedburner.com,Female,118.218.171.229
387,Andrew,Howell,ahowellaq@stanford.edu,Male,123.1.193.108
388,Rachel,Franklin,rfranklinar@surveymonkey.com,Female,155.233.217.131
389,Jerry,Powell,jpowellas@bloomberg.com,Male,207.194.135.81
390,Eric,Freeman,efreemanat@squidoo.com,Male,204.26.12.190
391,Larry,Allen,lallenau@sitemeter.com,Male,95.47.231.7
392,Billy,Brooks,bbrooksav@so-net.ne.jp,Male,8.204.144.252
393,Eric,Davis,edavisaw@wikipedia.org,Male,102.221.243.244
394,Brandon,Thomas,bthomasax@histats.com,Male,118.85.197.190
395,Brenda,Griffin,bgriffinay@xinhuanet.com,Female,63.123.4.191
396,Brandon,Perry,bperryaz@purevolume.com,Male,86.142.119.139
397,Bruce,Hart,bhartb0@independent.co.uk,Male,114.179.150.167
398,Jerry,Chapman,jchapmanb1@digg.com,Male,67.194.199.67
399,Sandra,Hunter,shunterb2@feedburner.com,Female,74.118.193.100
400,Edward,Banks,ebanksb3@infoseek.co.jp,Male,179.30.34.191
401,Joe,Reyes,jreyesb4@alexa.com,Male,74.51.15.123
402,Ronald,Marshall,rmarshallb5@lycos.com,Male,104.173.253.98
403,Heather,Garza,hgarzab6@sciencedaily.com,Female,31.237.83.106
404,Earl,Stevens,estevensb7@de.vu,Male,136.143.186.70
405,Mark,Coleman,mcolemanb8@github.com,Male,228.166.214.54
406,Earl,Bailey,ebaileyb9@vkontakte.ru,Male,63.187.128.142
407,James,Lewis,jlewisba@kickstarter.com,Male,139.117.7.77
408,Adam,Ward,awardbb@salon.com,Male,41.7.20.161
409,Robert,Torres,rtorresbc@youku.com,Male,64.200.221.91
410,Charles,Bell,cbellbd@ft.com,Male,199.85.64.66
411,Anthony,Owens,aowensbe@nba.com,Male,251.55.38.148
412,Harold,Baker,hbakerbf@amazon.com,Male,227.174.59.46
413,Chris,Price,cpricebg@comcast.net,Male,239.22.28.12
414,Donna,Morales,dmoralesbh@ifeng.com,Female,56.102.6.221
415,Diana,Kennedy,dkennedybi@upenn.edu,Female,143.136.120.135
416,Walter,Taylor,wtaylorbj@yale.edu,Male,167.46.97.199
417,Joe,Moore,jmoorebk@github.io,Male,151.127.197.82
418,Helen,Armstrong,harmstrongbl@w3.org,Female,229.126.6.156
419,John,Perez,jperezbm@ft.com,Male,139.171.94.232
420,Gerald,Kim,gkimbn@army.mil,Male,107.178.211.155
421,Ryan,Knight,rknightbo@taobao.com,Male,57.38.143.62
422,Joyce,Meyer,jmeyerbp@people.com.cn,Female,19.106.231.103
423,Jeffrey,Gordon,jgordonbq@latimes.com,Male,18.212.95.116
424,Andrew,Hall,ahallbr@google.nl,Male,20.25.184.48
425,Amy,Snyder,asnyderbs@nydailynews.com,Female,96.161.176.95
426,Andrew,Daniels,adanielsbt@reference.com,Male,198.73.94.134
427,Donald,Stephens,dstephensbu@taobao.com,Male,247.9.171.199
428,Ryan,Greene,rgreenebv@netvibes.com,Male,194.193.56.158
429,Norma,Lopez,nlopezbw@free.fr,Female,151.70.111.104
430,Jean,Burton,jburtonbx@virginia.edu,Female,55.171.80.47
431,Alice,Gibson,agibsonby@livejournal.com,Female,55.203.216.46
432,Emily,Thompson,ethompsonbz@blog.com,Female,105.108.137.158
433,Dennis,Bell,dbellc0@infoseek.co.jp,Male,117.13.137.255
434,Gloria,Gray,ggrayc1@ezinearticles.com,Female,204.74.12.27
435,Maria,Jenkins,mjenkinsc2@oakley.com,Female,151.179.205.118
436,Laura,George,lgeorgec3@myspace.com,Female,206.21.160.119
437,Kenneth,Lawson,klawsonc4@discovery.com,Male,112.39.155.80
438,Christopher,Sims,csimsc5@upenn.edu,Male,247.48.191.199
439,Carolyn,Reed,creedc6@spotify.com,Female,101.252.219.159
440,Fred,Ward,fwardc7@angelfire.com,Male,93.59.185.69
441,Bonnie,Edwards,bedwardsc8@hc360.com,Female,185.178.23.135
442,Andrea,Nguyen,anguyenc9@jigsy.com,Female,141.89.110.60
443,Joyce,Alexander,jalexanderca@printfriendly.com,Female,253.156.230.254
444,Michelle,Mccoy,mmccoycb@reference.com,Female,63.111.27.135
445,Debra,Fisher,dfishercc@constantcontact.com,Female,98.88.11.75
446,Sandra,Gibson,sgibsoncd@yahoo.co.jp,Female,104.240.135.208
447,Richard,Cox,rcoxce@globo.com,Male,206.242.91.37
448,Martha,Morris,mmorriscf@senate.gov,Female,109.253.114.139
449,Ernest,Henderson,ehendersoncg@gnu.org,Male,88.222.215.53
450,Judith,George,jgeorgech@toplist.cz,Female,212.249.230.172
451,Anthony,Brown,abrownci@sun.com,Male,215.110.217.212
452,Peter,Long,plongcj@linkedin.com,Male,155.18.16.19
453,Billy,Torres,btorresck@homestead.com,Male,154.85.175.120
454,Janet,Davis,jdaviscl@dell.com,Female,248.140.40.66
455,Tammy,Gray,tgraycm@cdbaby.com,Female,111.30.156.162
456,Christine,Flores,cflorescn@angelfire.com,Female,227.162.182.35
457,Diane,Hunt,dhuntco@ocn.ne.jp,Female,10.210.133.41
458,Elizabeth,Hayes,ehayescp@ycombinator.com,Female,102.200.77.81
459,Roger,Gonzalez,rgonzalezcq@php.net,Male,102.226.111.133
460,Robin,Hart,rhartcr@deliciousdays.com,Female,96.92.86.149
461,Nancy,Carter,ncartercs@wunderground.com,Female,146.208.13.8
462,Chris,Palmer,cpalmerct@google.com.br,Male,9.6.0.51
463,Bruce,Day,bdaycu@indiatimes.com,Male,66.126.52.65
464,Sarah,Owens,sowenscv@dell.com,Female,89.113.189.146
465,Diana,Alvarez,dalvarezcw@who.int,Female,46.60.158.44
466,Victor,Morales,vmoralescx@csmonitor.com,Male,150.237.21.247
467,Adam,Fields,afieldscy@upenn.edu,Male,133.186.51.59
468,Raymond,Hill,rhillcz@exblog.jp,Male,165.148.200.158
469,Phyllis,Reed,preedd0@nymag.com,Female,42.34.203.113
470,Mark,Long,mlongd1@amazon.com,Male,23.212.74.24
471,Michael,Cole,mcoled2@tamu.edu,Male,24.121.86.101
472,Ryan,Hanson,rhansond3@smh.com.au,Male,53.248.102.187
473,Eugene,Jones,ejonesd4@tamu.edu,Male,19.238.81.221
474,Frank,Bailey,fbaileyd5@usatoday.com,Male,27.239.134.214
475,Raymond,Sanders,rsandersd6@home.pl,Male,146.93.150.176
476,Roger,Lawson,rlawsond7@bing.com,Male,226.223.169.121
477,Susan,Simmons,ssimmonsd8@alexa.com,Female,2.19.143.91
478,Julie,Rodriguez,jrodriguezd9@networkadvertising.org,Female,37.230.193.233
479,Timothy,Howell,thowellda@freewebs.com,Male,206.227.207.233
480,Keith,Graham,kgrahamdb@goodreads.com,Male,168.120.138.117
481,Robin,Hunter,rhunterdc@admin.ch,Female,141.117.82.25
482,Patrick,Roberts,probertsdd@photobucket.com,Male,210.161.114.138
483,Louis,Evans,levansde@storify.com,Male,154.149.81.193
484,Irene,Gilbert,igilbertdf@alexa.com,Female,86.133.124.74
485,Helen,Day,hdaydg@webnode.com,Female,240.110.171.166
486,Donald,Ford,dforddh@bbc.co.uk,Male,140.166.221.64
487,Amy,Chavez,achavezdi@xing.com,Female,92.57.98.247
488,Eugene,Garrett,egarrettdj@reference.com,Male,193.175.88.105
489,Raymond,Mcdonald,rmcdonalddk@xrea.com,Male,252.216.137.174
490,Donald,Mills,dmillsdl@technorati.com,Male,13.195.25.54
491,Lori,Murray,lmurraydm@ihg.com,Female,77.57.210.93
492,Samuel,Austin,saustindn@microsoft.com,Male,84.220.197.107
493,Andrew,Kelley,akelleydo@meetup.com,Male,154.25.115.70
494,Robert,Ray,rraydp@vimeo.com,Male,119.190.53.147
495,Emily,Richardson,erichardsondq@marketwatch.com,Female,44.128.40.44
496,Gregory,Reed,greeddr@samsung.com,Male,191.237.108.51
497,Benjamin,Reed,breedds@rediff.com,Male,186.15.35.39
498,Doris,Burton,dburtondt@yahoo.co.jp,Female,130.55.27.187
499,Roger,Frazier,rfrazierdu@icio.us,Male,199.96.129.114
500,Shawn,Wright,swrightdv@chronoengine.com,Male,105.81.56.19
501,Mary,Kennedy,mkennedydw@oakley.com,Female,9.34.74.14
502,Terry,Peters,tpetersdx@feedburner.com,Male,31.228.81.168
503,Eric,Weaver,eweaverdy@tuttocitta.it,Male,231.108.139.192
504,Jimmy,Mccoy,jmccoydz@wordpress.org,Male,235.248.122.106
505,Kenneth,Welch,kwelche0@biblegateway.com,Male,237.130.252.38
506,Jonathan,Olson,jolsone1@nps.gov,Male,189.198.186.143
507,Donna,Medina,dmedinae2@skype.com,Female,140.119.210.81
508,Karen,Harper,kharpere3@netscape.com,Female,234.69.164.201
509,John,Diaz,jdiaze4@nsw.gov.au,Male,247.10.162.121
510,Jane,Chapman,jchapmane5@cnbc.com,Female,241.111.191.230
511,Jason,Dunn,jdunne6@deviantart.com,Male,1.109.106.151
512,Roy,Burke,rburkee7@springer.com,Male,116.32.176.208
513,Annie,Davis,adavise8@uol.com.br,Female,200.2.127.117
514,Melissa,Ross,mrosse9@wired.com,Female,214.132.140.255
515,Karen,Patterson,kpattersonea@seattletimes.com,Female,48.49.157.39
516,Steve,Carroll,scarrolleb@booking.com,Male,56.161.108.113
517,Larry,Anderson,landersonec@google.it,Male,240.140.203.217
518,Phillip,Kim,pkimed@google.com.au,Male,96.109.184.144
519,Lori,Mitchell,lmitchellee@senate.gov,Female,30.2.60.45
520,Stephanie,Warren,swarrenef@myspace.com,Female,95.72.90.193
521,Martin,Duncan,mduncaneg@shinystat.com,Male,179.108.53.112
522,Ruth,Wilson,rwilsoneh@admin.ch,Female,57.121.181.183
523,Jessica,Brooks,jbrooksei@wikia.com,Female,15.73.172.78
524,Howard,Black,hblackej@so-net.ne.jp,Male,174.16.71.251
525,Tammy,Jacobs,tjacobsek@cocolog-nifty.com,Female,190.81.201.197
526,Clarence,Garrett,cgarrettel@si.edu,Male,230.147.56.143
527,Cheryl,Henderson,chendersonem@apache.org,Female,129.159.132.196
528,Samuel,Nguyen,snguyenen@icio.us,Male,121.239.216.132
529,Donald,Ramos,dramoseo@newyorker.com,Male,231.83.11.158
530,Lois,Elliott,lelliottep@acquirethisname.com,Female,159.249.121.198
531,Ryan,Brown,rbrowneq@wunderground.com,Male,201.67.173.179
532,Lori,Ray,lrayer@zimbio.com,Female,16.130.5.53
533,Steven,Burke,sburkees@sakura.ne.jp,Male,146.43.47.34
534,Jessica,Weaver,jweaveret@tmall.com,Female,239.12.207.46
535,Kevin,Fernandez,kfernandezeu@reference.com,Male,175.161.57.151
536,Sarah,Cunningham,scunninghamev@salon.com,Female,243.246.217.30
537,Chris,Harris,charrisew@smh.com.au,Male,84.57.229.249
538,Judy,Alvarez,jalvarezex@discovery.com,Female,91.238.64.26
539,Jose,Wagner,jwagnerey@blogspot.com,Male,225.5.88.120
540,Joshua,Porter,jporterez@cornell.edu,Male,65.230.0.83
541,Brandon,Spencer,bspencerf0@smh.com.au,Male,118.180.109.6
542,Louise,Williamson,lwilliamsonf1@naver.com,Female,128.79.105.170
543,Benjamin,Fisher,bfisherf2@indiegogo.com,Male,84.185.102.56
544,Matthew,Howard,mhowardf3@histats.com,Male,225.1.75.179
545,Jason,Hudson,jhudsonf4@meetup.com,Male,129.100.18.193
546,Susan,Garrett,sgarrettf5@wikia.com,Female,107.157.236.16
547,Louise,Martinez,lmartinezf6@microsoft.com,Female,137.216.243.180
548,Amanda,Boyd,aboydf7@harvard.edu,Female,98.92.122.143
549,Gary,Williams,gwilliamsf8@storify.com,Male,218.226.51.25
550,Wanda,Thomas,wthomasf9@aol.com,Female,235.214.180.3
551,Diana,Warren,dwarrenfa@reuters.com,Female,165.84.249.55
552,Martha,Reynolds,mreynoldsfb@vistaprint.com,Female,147.236.180.1
553,Marilyn,Alexander,malexanderfc@domainmarket.com,Female,37.231.246.76
554,Maria,Mendoza,mmendozafd@europa.eu,Female,43.224.1.113
555,Diane,Gonzales,dgonzalesfe@odnoklassniki.ru,Female,172.112.87.160
556,Mildred,Hanson,mhansonff@123-reg.co.uk,Female,77.109.64.128
557,Wanda,Fields,wfieldsfg@google.com,Female,20.88.83.113
558,Andrew,Ward,awardfh@mlb.com,Male,165.90.226.224
559,Andrea,Richardson,arichardsonfi@usatoday.com,Female,202.238.16.254
560,Theresa,Hughes,thughesfj@typepad.com,Female,240.163.161.241
561,Shirley,Peters,spetersfk@discuz.net,Female,138.143.148.82
562,Timothy,James,tjamesfl@cafepress.com,Male,195.20.69.201
563,Bonnie,Ford,bfordfm@icio.us,Female,146.100.172.199
564,Diana,Graham,dgrahamfn@yelp.com,Female,110.243.220.206
565,Nicholas,Lawrence,nlawrencefo@meetup.com,Male,152.225.240.12
566,Thomas,Vasquez,tvasquezfp@seesaa.net,Male,60.35.24.253
567,Harry,Watkins,hwatkinsfq@skype.com,Male,230.38.113.187
568,James,Gutierrez,jgutierrezfr@discuz.net,Male,249.2.81.173
569,Gloria,Cox,gcoxfs@abc.net.au,Female,187.200.183.145
570,Janet,Banks,jbanksft@imdb.com,Female,253.150.57.3
571,Gloria,Woods,gwoodsfu@cbsnews.com,Female,241.133.70.210
572,Sharon,Davis,sdavisfv@eepurl.com,Female,155.248.145.238
573,Amy,Coleman,acolemanfw@a8.net,Female,174.231.39.35
574,Marie,Crawford,mcrawfordfx@businesswire.com,Female,178.81.157.95
575,Harry,Griffin,hgriffinfy@techcrunch.com,Male,191.253.55.43
576,Harold,Lane,hlanefz@altervista.org,Male,50.107.187.253
577,Russell,Reynolds,rreynoldsg0@indiatimes.com,Male,250.154.252.86
578,Theresa,Wells,twellsg1@washingtonpost.com,Female,180.235.130.69
579,Antonio,Johnson,ajohnsong2@purevolume.com,Male,222.121.127.103
580,Patrick,Mendoza,pmendozag3@cmu.edu,Male,231.179.172.183
581,Jason,Ray,jrayg4@woothemes.com,Male,41.77.173.44
582,Jennifer,Stewart,jstewartg5@live.com,Female,19.87.80.194
583,Justin,Alvarez,jalvarezg6@cbc.ca,Male,147.117.164.254
584,Stephanie,Gomez,sgomezg7@pinterest.com,Female,139.113.2.17
585,Roy,Wallace,rwallaceg8@sfgate.com,Male,188.206.203.187
586,Marie,Black,mblackg9@surveymonkey.com,Female,157.151.129.81
587,Juan,Kelley,jkelleyga@canalblog.com,Male,112.226.112.117
588,Linda,Ward,lwardgb@columbia.edu,Female,148.110.129.61
589,Benjamin,Arnold,barnoldgc@imdb.com,Male,125.237.32.40
590,Patricia,Bennett,pbennettgd@blogger.com,Female,229.85.3.54
591,Brenda,Young,byoungge@reference.com,Female,127.157.72.221
592,Mildred,Wallace,mwallacegf@bloomberg.com,Female,36.48.146.109
593,Wanda,Lewis,wlewisgg@sitemeter.com,Female,65.169.35.143
594,Jesse,Ray,jraygh@wikipedia.org,Male,227.96.118.110
595,Sharon,Lewis,slewisgi@thetimes.co.uk,Female,222.184.29.198
596,George,Oliver,golivergj@virginia.edu,Male,205.139.73.158
597,Jesse,Warren,jwarrengk@patch.com,Male,10.167.26.207
598,Stephen,Evans,sevansgl@slideshare.net,Male,206.25.122.255
599,Tina,Gomez,tgomezgm@mit.edu,Female,17.129.220.145
600,Benjamin,Kim,bkimgn@cisco.com,Male,124.54.140.13
601,Tammy,Greene,tgreenego@japanpost.jp,Female,154.35.13.77
602,Julia,Larson,jlarsongp@mediafire.com,Female,224.35.96.90
603,Mary,James,mjamesgq@odnoklassniki.ru,Female,214.142.205.224
604,Kenneth,Morgan,kmorgangr@businesswire.com,Male,233.249.33.84
605,Frances,Martin,fmartings@topsy.com,Female,118.100.23.217
606,Charles,Boyd,cboydgt@spiegel.de,Male,95.108.226.18
607,Sean,Black,sblackgu@reverbnation.com,Male,190.31.99.150
608,David,Jacobs,djacobsgv@blogger.com,Male,55.246.27.213
609,Heather,Meyer,hmeyergw@psu.edu,Female,188.194.234.78
610,Randy,Brooks,rbrooksgx@123-reg.co.uk,Male,165.32.90.107
611,Amy,Mason,amasongy@w3.org,Female,40.117.97.212
612,Jerry,Wallace,jwallacegz@slate.com,Male,134.170.248.21
613,Ralph,Fisher,rfisherh0@harvard.edu,Male,238.105.253.226
614,Patricia,Meyer,pmeyerh1@i2i.jp,Female,236.47.95.105
615,Raymond,Richardson,rrichardsonh2@wsj.com,Male,142.179.145.238
616,Virginia,Long,vlongh3@photobucket.com,Female,68.7.109.78
617,Wanda,Campbell,wcampbellh4@cargocollective.com,Female,184.111.74.244
618,Philip,Boyd,pboydh5@slideshare.net,Male,92.125.101.9
619,David,Mitchell,dmitchellh6@earthlink.net,Male,14.187.161.161
620,Martin,Grant,mgranth7@wikipedia.org,Male,87.88.170.235
621,Jean,Lane,jlaneh8@springer.com,Female,27.76.176.105
622,Deborah,Taylor,dtaylorh9@tiny.cc,Female,116.81.36.89
623,Kevin,Bell,kbellha@ycombinator.com,Male,40.120.12.249
624,Dennis,Riley,drileyhb@exblog.jp,Male,247.80.230.68
625,Anthony,Montgomery,amontgomeryhc@yandex.ru,Male,63.83.128.239
626,James,Foster,jfosterhd@seattletimes.com,Male,179.56.74.124
627,Barbara,Thomas,bthomashe@goo.ne.jp,Female,75.202.92.80
628,Dennis,Bryant,dbryanthf@rediff.com,Male,68.211.136.145
629,Lawrence,Watkins,lwatkinshg@flickr.com,Male,65.179.14.199
630,Raymond,Ellis,rellishh@nba.com,Male,1.165.229.175
631,Karen,Rogers,krogershi@latimes.com,Female,202.83.217.227
632,Nicole,Ramirez,nramirezhj@howstuffworks.com,Female,82.49.161.220
633,Heather,Watkins,hwatkinshk@mozilla.org,Female,51.65.195.253
634,Steven,Price,spricehl@google.com.au,Male,22.194.78.58
635,Craig,Mitchell,cmitchellhm@imageshack.us,Male,163.15.121.139
636,Patrick,Green,pgreenhn@mac.com,Male,50.222.209.140
637,Paula,Wood,pwoodho@ucla.edu,Female,132.157.31.186
638,Barbara,Harrison,bharrisonhp@gnu.org,Female,137.178.41.23
639,Paula,Webb,pwebbhq@simplemachines.org,Female,9.182.165.184
640,Teresa,Chavez,tchavezhr@163.com,Female,164.159.238.104
641,Betty,Reynolds,breynoldshs@washingtonpost.com,Female,154.42.19.212
642,Wanda,Bowman,wbowmanht@chron.com,Female,189.102.222.183
643,Brandon,Austin,baustinhu@senate.gov,Male,159.124.104.178
644,Todd,Chavez,tchavezhv@archive.org,Male,109.196.194.54
645,Margaret,Owens,mowenshw@opensource.org,Female,19.243.130.243
646,Ruby,Fernandez,rfernandezhx@mac.com,Female,212.55.206.253
647,Benjamin,Ruiz,bruizhy@imgur.com,Male,214.216.25.227
648,Tammy,Henry,thenryhz@icio.us,Female,50.146.164.59
649,Gerald,Simpson,gsimpsoni0@i2i.jp,Male,32.251.194.237
650,Harry,Fernandez,hfernandezi1@gmpg.org,Male,211.162.5.207
651,Laura,Ryan,lryani2@cnet.com,Female,112.155.15.78
652,Richard,Ramos,rramosi3@booking.com,Male,29.173.54.82
653,Margaret,Burton,mburtoni4@xinhuanet.com,Female,198.161.25.48
654,Stephen,Turner,sturneri5@godaddy.com,Male,79.64.127.140
655,Thomas,Vasquez,tvasquezi6@ed.gov,Male,172.10.1.252
656,Nicole,Ellis,nellisi7@gov.uk,Female,160.13.78.203
657,Carl,Rose,crosei8@springer.com,Male,124.56.131.113
658,Andrea,Thompson,athompsoni9@de.vu,Female,41.13.178.79
659,Steve,Watson,swatsonia@dell.com,Male,150.41.82.233
660,Jeremy,Ramos,jramosib@ow.ly,Male,255.121.9.66
661,Thomas,Ross,trossic@wufoo.com,Male,116.233.220.156
662,Justin,Murphy,jmurphyid@gravatar.com,Male,167.219.199.108
663,Adam,Jacobs,ajacobsie@chronoengine.com,Male,112.127.120.238
664,Jesse,Owens,jowensif@rambler.ru,Male,112.131.234.92
665,Janice,Olson,jolsonig@exblog.jp,Female,218.249.44.186
666,Juan,Ramirez,jramirezih@bbb.org,Male,240.85.163.170
667,Joyce,Ward,jwardii@live.com,Female,7.176.63.26
668,Carlos,Gibson,cgibsonij@addtoany.com,Male,8.146.243.12
669,Julia,Coleman,jcolemanik@phoca.cz,Female,1.154.235.120
670,Phillip,Hawkins,phawkinsil@mysql.com,Male,60.239.202.54
671,Clarence,Lynch,clynchim@pen.io,Male,90.126.97.208
672,Anne,Day,adayin@dion.ne.jp,Female,1.65.1.135
673,Debra,Gray,dgrayio@rediff.com,Female,114.72.8.11
674,Michael,Myers,mmyersip@bravesites.com,Male,187.48.17.62
675,Phyllis,Kelly,pkellyiq@xrea.com,Female,33.74.97.162
676,Christine,Hughes,chughesir@ca.gov,Female,11.78.105.171
677,Arthur,Burke,aburkeis@newsvine.com,Male,229.173.253.36
678,Frances,Day,fdayit@goo.gl,Female,48.88.68.191
679,Brandon,Cole,bcoleiu@imgur.com,Male,188.139.221.194
680,Billy,Cooper,bcooperiv@blogs.com,Male,253.129.198.162
681,Wayne,Hayes,whayesiw@cbsnews.com,Male,31.220.140.227
682,Brenda,Carr,bcarrix@typepad.com,Female,180.109.71.16
683,Bruce,Stevens,bstevensiy@sun.com,Male,11.137.232.206
684,Kevin,Walker,kwalkeriz@163.com,Male,220.67.16.50
685,Jennifer,Howard,jhowardj0@livejournal.com,Female,28.125.30.162
686,Nicholas,Sanchez,nsanchezj1@google.de,Male,75.73.196.49
687,Nancy,Henderson,nhendersonj2@foxnews.com,Female,79.158.198.203
688,Debra,Smith,dsmithj3@mediafire.com,Female,248.161.113.210
689,Marie,Carter,mcarterj4@va.gov,Female,230.157.34.254
690,Linda,Gibson,lgibsonj5@nydailynews.com,Female,91.24.213.216
691,Ruth,Bailey,rbaileyj6@globo.com,Female,71.123.245.4
692,Johnny,Coleman,jcolemanj7@netscape.com,Male,123.236.127.218
693,Rachel,Johnson,rjohnsonj8@com.com,Female,105.204.193.186
694,Ernest,Black,eblackj9@pagesperso-orange.fr,Male,153.54.184.9
695,Ann,Sullivan,asullivanja@google.fr,Female,132.96.250.129
696,Frances,Rivera,friverajb@patch.com,Female,141.185.54.21
697,Rebecca,Perry,rperryjc@smh.com.au,Female,139.163.236.201
698,Michael,Burns,mburnsjd@skype.com,Male,31.123.132.86
699,Evelyn,Gray,egrayje@vistaprint.com,Female,176.135.255.224
700,Jane,Washington,jwashingtonjf@jimdo.com,Female,181.128.92.87
701,Diane,Stevens,dstevensjg@wikia.com,Female,88.168.90.35
702,Sara,Flores,sfloresjh@slideshare.net,Female,136.33.105.243
703,Philip,Cook,pcookji@guardian.co.uk,Male,53.167.22.74
704,David,Jones,djonesjj@yahoo.co.jp,Male,49.192.106.27
705,Richard,Butler,rbutlerjk@phpbb.com,Male,27.17.108.195
706,Jane,Meyer,jmeyerjl@csmonitor.com,Female,91.213.109.180
707,Susan,Simmons,ssimmonsjm@barnesandnoble.com,Female,110.47.1.155
708,Susan,Gonzalez,sgonzalezjn@ebay.co.uk,Female,191.199.87.83
709,Benjamin,Adams,badamsjo@ca.gov,Male,185.124.208.188
710,Richard,Mitchell,rmitchelljp@npr.org,Male,249.161.17.119
711,Andrea,Robinson,arobinsonjq@phoca.cz,Female,150.133.181.230
712,Albert,Carpenter,acarpenterjr@businesswire.com,Male,30.19.29.107
713,Cheryl,Cruz,ccruzjs@cpanel.net,Female,208.74.132.141
714,Ruth,Wagner,rwagnerjt@wikia.com,Female,28.60.150.105
715,Bruce,Marshall,bmarshallju@wp.com,Male,230.130.222.252
716,Jerry,Crawford,jcrawfordjv@archive.org,Male,123.63.87.143
717,Brian,Wallace,bwallacejw@skyrock.com,Male,103.108.118.47
718,Joyce,Welch,jwelchjx@google.com.hk,Female,136.244.40.124
719,Maria,Rivera,mriverajy@tinypic.com,Female,147.249.161.186
720,Donna,Wilson,dwilsonjz@posterous.com,Female,224.159.12.32
721,Henry,Shaw,hshawk0@moonfruit.com,Male,52.238.53.115
722,James,Hughes,jhughesk1@hexun.com,Male,199.221.135.99
723,Dorothy,Morris,dmorrisk2@github.io,Female,212.64.132.91
724,Randy,Reyes,rreyesk3@abc.net.au,Male,60.54.192.207
725,Frances,Myers,fmyersk4@ustream.tv,Female,208.36.147.212
726,Andrew,Hernandez,ahernandezk5@amazon.de,Male,69.104.101.222
727,Paul,Marshall,pmarshallk6@wix.com,Male,201.18.209.136
728,Tina,Sullivan,tsullivank7@mtv.com,Female,115.120.117.0
729,Michael,Peterson,mpetersonk8@mapy.cz,Male,167.221.187.104
730,Aaron,Montgomery,amontgomeryk9@fema.gov,Male,99.214.213.88
731,Sharon,Franklin,sfranklinka@psu.edu,Female,134.129.225.83
732,Tina,Howard,thowardkb@usda.gov,Female,193.213.173.223
733,Nancy,Crawford,ncrawfordkc@printfriendly.com,Female,215.231.46.146
734,Nicole,Bailey,nbaileykd@blogger.com,Female,214.88.24.12
735,Harry,Hanson,hhansonke@ycombinator.com,Male,24.81.71.7
736,Julie,Reynolds,jreynoldskf@jugem.jp,Female,239.22.179.129
737,Julie,Bell,jbellkg@nbcnews.com,Female,113.183.225.167
738,Stephanie,Ward,swardkh@hibu.com,Female,162.249.197.5
739,Raymond,Wood,rwoodki@prweb.com,Male,193.202.49.24
740,Bobby,Ellis,belliskj@netlog.com,Male,216.105.39.238
741,Ernest,Armstrong,earmstrongkk@earthlink.net,Male,46.154.246.53
742,Angela,Chavez,achavezkl@shinystat.com,Female,68.22.43.42
743,Lois,Moreno,lmorenokm@geocities.jp,Female,86.35.173.96
744,Linda,Meyer,lmeyerkn@nature.com,Female,87.245.98.19
745,Susan,Wagner,swagnerko@state.gov,Female,71.221.95.201
746,Jason,Alvarez,jalvarezkp@comsenz.com,Male,56.183.163.133
747,Jimmy,Jones,jjoneskq@fc2.com,Male,238.204.11.242
748,Ashley,Lewis,alewiskr@ed.gov,Female,101.64.46.101
749,Charles,Stephens,cstephensks@bloomberg.com,Male,22.233.240.83
750,Ernest,Medina,emedinakt@globo.com,Male,211.137.69.115
751,Walter,Fowler,wfowlerku@sciencedaily.com,Male,65.96.226.62
752,Theresa,Stevens,tstevenskv@edublogs.org,Female,251.164.146.111
753,Sarah,Fernandez,sfernandezkw@unblog.fr,Female,195.75.55.187
754,Martha,Fisher,mfisherkx@sfgate.com,Female,105.155.173.169
755,Heather,Palmer,hpalmerky@multiply.com,Female,252.163.141.33
756,Kenneth,Martin,kmartinkz@live.com,Male,192.112.44.219
757,Thomas,Williams,twilliamsl0@wikia.com,Male,213.188.112.116
758,Jean,Larson,jlarsonl1@nationalgeographic.com,Female,241.1.144.92
759,Shirley,Graham,sgrahaml2@ebay.com,Female,190.56.67.234
760,Dennis,Perkins,dperkinsl3@vk.com,Male,26.65.117.195
761,Jennifer,Rogers,jrogersl4@rambler.ru,Female,13.31.182.208
762,Marie,Lopez,mlopezl5@dot.gov,Female,66.130.85.48
763,Todd,Lane,tlanel6@clickbank.net,Male,29.91.116.187
764,Jack,Flores,jfloresl7@delicious.com,Male,179.56.4.64
765,Susan,Thomas,sthomasl8@msn.com,Female,188.108.102.233
766,Karen,Reyes,kreyesl9@wikimedia.org,Female,29.49.134.134
767,Jack,Moreno,jmorenola@cnn.com,Male,6.159.101.149
768,Joyce,James,jjameslb@umich.edu,Female,41.56.49.38
769,Stephen,Nelson,snelsonlc@amazon.com,Male,56.149.1.180
770,Ernest,Burke,eburkeld@imdb.com,Male,202.225.26.155
771,Irene,Torres,itorresle@si.edu,Female,10.122.62.24
772,Christina,Peterson,cpetersonlf@nih.gov,Female,173.125.94.93
773,Todd,King,tkinglg@reverbnation.com,Male,115.18.102.227
774,Evelyn,Fields,efieldslh@go.com,Female,138.121.233.30
775,Amy,Kim,akimli@taobao.com,Female,205.80.236.106
776,Alan,Lopez,alopezlj@linkedin.com,Male,220.198.194.130
777,Ashley,Armstrong,aarmstronglk@shop-pro.jp,Female,162.77.67.183
778,Frank,Brown,fbrownll@time.com,Male,53.18.7.188
779,Evelyn,Simpson,esimpsonlm@tiny.cc,Female,243.80.134.40
780,Jacqueline,Fuller,jfullerln@shutterfly.com,Female,17.66.54.137
781,Louise,Ruiz,lruizlo@discuz.net,Female,239.149.231.201
782,Justin,Wilson,jwilsonlp@reddit.com,Male,220.55.196.72
783,Walter,James,wjameslq@desdev.cn,Male,40.82.146.48
784,Lillian,Boyd,lboydlr@ca.gov,Female,162.83.248.218
785,Deborah,Grant,dgrantls@independent.co.uk,Female,19.155.195.79
786,Jesse,Bryant,jbryantlt@nytimes.com,Male,221.196.92.70
787,Frank,Pierce,fpiercelu@businessweek.com,Male,129.33.53.230
788,Donald,Richards,drichardslv@mapy.cz,Male,254.254.213.238
789,Tina,Scott,tscottlw@bbb.org,Female,146.233.24.248
790,Jacqueline,Knight,jknightlx@paginegialle.it,Female,195.125.11.156
791,Phillip,Myers,pmyersly@360.cn,Male,117.33.158.120
792,Benjamin,Lawson,blawsonlz@macromedia.com,Male,225.189.57.138
793,Joe,Diaz,jdiazm0@paginegialle.it,Male,32.165.244.195
794,Anne,Welch,awelchm1@rambler.ru,Female,42.190.174.66
795,Keith,Campbell,kcampbellm2@adobe.com,Male,252.167.105.181
796,Mark,Anderson,mandersonm3@moonfruit.com,Male,36.42.153.79
797,Rebecca,Pierce,rpiercem4@geocities.jp,Female,65.241.122.27
798,Kathy,Woods,kwoodsm5@ehow.com,Female,138.54.207.73
799,Martin,Edwards,medwardsm6@toplist.cz,Male,250.50.130.135
800,Helen,Gonzales,hgonzalesm7@accuweather.com,Female,111.59.246.56
801,Diane,Banks,dbanksm8@weebly.com,Female,252.51.124.140
802,Eugene,Hanson,ehansonm9@qq.com,Male,72.177.227.250
803,Katherine,Perez,kperezma@google.com.hk,Female,64.166.127.124
804,Anne,Roberts,arobertsmb@dell.com,Female,115.71.104.174
805,Anthony,Evans,aevansmc@alibaba.com,Male,44.24.233.214
806,Pamela,Perkins,pperkinsmd@senate.gov,Female,72.40.211.201
807,Evelyn,Henderson,ehendersonme@skyrock.com,Female,102.234.32.165
808,Clarence,Mason,cmasonmf@reuters.com,Male,223.74.80.48
809,James,Coleman,jcolemanmg@constantcontact.com,Male,45.188.15.157
810,Bonnie,Riley,brileymh@washingtonpost.com,Female,97.0.82.118
811,Carol,Campbell,ccampbellmi@sogou.com,Female,89.185.28.201
812,Carl,Turner,cturnermj@xinhuanet.com,Male,175.29.204.234
813,Anna,George,ageorgemk@redcross.org,Female,127.178.147.84
814,Kathy,Carr,kcarrml@bloglovin.com,Female,226.38.207.80
815,William,Gonzalez,wgonzalezmm@aboutads.info,Male,181.175.66.211
816,Ralph,Gomez,rgomezmn@bloglovin.com,Male,233.0.191.219
817,Patrick,Morris,pmorrismo@blogger.com,Male,195.175.93.102
818,Christina,Gray,cgraymp@fotki.com,Female,104.207.159.155
819,Sandra,Gilbert,sgilbertmq@nationalgeographic.com,Female,225.183.118.14
820,David,Elliott,delliottmr@naver.com,Male,5.203.163.176
821,Aaron,Miller,amillerms@parallels.com,Male,225.184.54.88
822,John,Simmons,jsimmonsmt@usgs.gov,Male,215.50.66.101
823,Kathryn,Larson,klarsonmu@photobucket.com,Female,118.179.204.133
824,Andrea,Chavez,achavezmv@printfriendly.com,Female,126.146.205.215
825,Charles,Berry,cberrymw@newyorker.com,Male,31.44.73.233
826,Wayne,Matthews,wmatthewsmx@ask.com,Male,220.32.193.254
827,Judith,Lopez,jlopezmy@webnode.com,Female,43.105.101.89
828,Judy,Nelson,jnelsonmz@eventbrite.com,Female,131.18.64.63
829,Patricia,Peterson,ppetersonn0@google.com.hk,Female,55.158.203.47
830,Rebecca,Williams,rwilliamsn1@chron.com,Female,181.79.201.79
831,Albert,Johnston,ajohnstonn2@bravesites.com,Male,206.206.82.140
832,Joyce,Patterson,jpattersonn3@yellowbook.com,Female,137.244.251.176
833,Andrea,Morales,amoralesn4@com.com,Female,143.138.50.203
834,Peter,Clark,pclarkn5@theatlantic.com,Male,220.248.201.64
835,Rachel,Lee,rleen6@istockphoto.com,Female,31.203.109.73
836,Amanda,Parker,aparkern7@amazon.com,Female,52.155.11.109
837,Lori,Mitchell,lmitchelln8@tamu.edu,Female,86.231.167.86
838,Robin,Harvey,rharveyn9@un.org,Female,218.3.162.96
839,Pamela,Bishop,pbishopna@tuttocitta.it,Female,147.255.220.127
840,Kevin,Bennett,kbennettnb@soundcloud.com,Male,103.118.23.229
841,Christine,Rodriguez,crodrigueznc@netvibes.com,Female,37.186.86.205
842,Terry,Romero,tromerond@vistaprint.com,Male,34.154.76.248
843,Norma,Payne,npaynene@accuweather.com,Female,213.73.40.253
844,Anthony,Garza,agarzanf@shutterfly.com,Male,193.157.82.98
845,Harold,Stanley,hstanleyng@wired.com,Male,95.3.49.221
846,Charles,Sanders,csandersnh@reuters.com,Male,127.153.144.31
847,Kenneth,Ruiz,kruizni@washington.edu,Male,68.149.187.90
848,Todd,Peterson,tpetersonnj@e-recht24.de,Male,117.224.20.60
849,Jack,Black,jblacknk@loc.gov,Male,255.53.72.159
850,Nicole,Gray,ngraynl@cmu.edu,Female,44.153.114.46
851,Antonio,Simpson,asimpsonnm@yellowpages.com,Male,97.127.93.190
852,Jerry,Lane,jlanenn@goo.gl,Male,246.141.163.13
853,Kenneth,Reid,kreidno@nbcnews.com,Male,128.2.174.45
854,Kimberly,Lee,kleenp@addtoany.com,Female,31.76.152.88
855,Sarah,Rodriguez,srodrigueznq@craigslist.org,Female,140.51.100.176
856,Annie,Ferguson,afergusonnr@earthlink.net,Female,68.103.113.174
857,Richard,Hunter,rhunterns@acquirethisname.com,Male,251.159.212.225
858,Eric,Kelley,ekelleynt@sina.com.cn,Male,240.145.115.236
859,Donald,Freeman,dfreemannu@forbes.com,Male,9.76.159.62
860,Kathy,Lee,kleenv@surveymonkey.com,Female,137.142.118.86
861,Alice,Cooper,acoopernw@bigcartel.com,Female,117.44.11.126
862,Donald,Freeman,dfreemannx@usnews.com,Male,145.33.55.118
863,Michelle,Bishop,mbishopny@timesonline.co.uk,Female,38.73.202.45
864,Janet,Sanchez,jsancheznz@ibm.com,Female,141.92.137.222
865,Jane,Ward,jwardo0@drupal.org,Female,174.146.30.188
866,Jose,Ross,jrosso1@nih.gov,Male,121.168.127.70
867,Alice,Vasquez,avasquezo2@xinhuanet.com,Female,35.234.164.153
868,Wanda,Arnold,warnoldo3@ft.com,Female,73.210.204.133
869,Christine,Gray,cgrayo4@360.cn,Female,175.25.173.247
870,Sara,Turner,sturnero5@ox.ac.uk,Female,67.137.90.244
871,Louise,Myers,lmyerso6@redcross.org,Female,88.139.100.247
872,Kathy,Rivera,kriverao7@yellowbook.com,Female,61.193.107.169
873,Harry,Castillo,hcastilloo8@wikipedia.org,Male,15.44.101.92
874,Roger,Gardner,rgardnero9@ocn.ne.jp,Male,70.8.131.37
875,Phillip,Sanchez,psanchezoa@google.pl,Male,188.200.242.86
876,Betty,Elliott,belliottob@wix.com,Female,10.207.116.1
877,Antonio,Boyd,aboydoc@slashdot.org,Male,208.245.94.125
878,Judith,Dean,jdeanod@bloomberg.com,Female,8.122.87.178
879,Carolyn,Wilson,cwilsonoe@free.fr,Female,207.227.104.112
880,Richard,Clark,rclarkof@nydailynews.com,Male,103.8.147.185
881,Rose,Griffin,rgriffinog@zdnet.com,Female,123.33.154.89
882,Dorothy,Hudson,dhudsonoh@amazon.co.jp,Female,214.44.110.44
883,Katherine,Hanson,khansonoi@paypal.com,Female,128.128.239.244
884,Jean,Kim,jkimoj@exblog.jp,Female,109.187.203.61
885,Theresa,Mendoza,tmendozaok@rambler.ru,Female,110.166.46.135
886,Louis,Day,ldayol@ucsd.edu,Male,54.1.39.29
887,Patricia,Alexander,palexanderom@blogspot.com,Female,145.73.221.56
888,Roy,Hart,rharton@jimdo.com,Male,230.101.208.221
889,Louis,Sanders,lsandersoo@csmonitor.com,Male,162.2.124.179
890,Brandon,Ruiz,bruizop@umn.edu,Male,243.87.223.217
891,Gloria,Burns,gburnsoq@alexa.com,Female,3.171.52.101
892,Alan,Fisher,afisheror@mediafire.com,Male,146.219.118.145
893,Charles,Gibson,cgibsonos@i2i.jp,Male,23.238.121.66
894,Joshua,Carroll,jcarrollot@state.gov,Male,114.103.180.200
895,Tina,Green,tgreenou@yale.edu,Female,95.247.65.209
896,Janet,Mason,jmasonov@hhs.gov,Female,240.215.74.113
897,Brenda,Ryan,bryanow@yolasite.com,Female,174.96.149.58
898,Kenneth,Bennett,kbennettox@51.la,Male,212.171.78.249
899,Jane,Wheeler,jwheeleroy@blogtalkradio.com,Female,225.179.201.144
900,Betty,Dean,bdeanoz@mapy.cz,Female,84.195.2.193
901,Patricia,Stone,pstonep0@imgur.com,Female,98.44.111.21
902,Angela,Hunter,ahunterp1@booking.com,Female,106.176.99.27
903,Billy,Simpson,bsimpsonp2@archive.org,Male,34.78.229.248
904,Jane,Gomez,jgomezp3@ucla.edu,Female,181.106.138.84
905,Ernest,Mcdonald,emcdonaldp4@biglobe.ne.jp,Male,57.32.80.34
906,Harry,Fields,hfieldsp5@live.com,Male,223.15.115.146
907,Melissa,Wright,mwrightp6@si.edu,Female,230.198.111.115
908,Antonio,Stanley,astanleyp7@addtoany.com,Male,57.154.29.213
909,Jeremy,Ramirez,jramirezp8@europa.eu,Male,24.108.43.246
910,Mark,Wright,mwrightp9@google.com.br,Male,25.215.56.177
911,Robert,Tucker,rtuckerpa@unicef.org,Male,224.218.143.89
912,Timothy,Ryan,tryanpb@odnoklassniki.ru,Male,40.30.27.244
913,Melissa,Riley,mrileypc@prlog.org,Female,26.151.233.78
914,Matthew,Evans,mevanspd@ca.gov,Male,234.171.45.95
915,Craig,Frazier,cfrazierpe@cbc.ca,Male,6.178.250.66
916,Edward,Castillo,ecastillopf@omniture.com,Male,249.218.101.23
917,Frances,Cunningham,fcunninghampg@pen.io,Female,146.80.101.100
918,Mildred,Howard,mhowardph@mlb.com,Female,62.197.1.76
919,Billy,Lee,bleepi@phoca.cz,Male,175.249.68.58
920,Laura,Banks,lbankspj@com.com,Female,113.1.59.183
921,Judith,Murray,jmurraypk@squarespace.com,Female,103.116.210.116
922,Mark,Stanley,mstanleypl@reddit.com,Male,180.187.105.166
923,Harold,Robertson,hrobertsonpm@huffingtonpost.com,Male,140.90.255.23
924,Melissa,Hernandez,mhernandezpn@aboutads.info,Female,188.119.169.94
925,Barbara,Williams,bwilliamspo@go.com,Female,149.199.46.137
926,Lawrence,Baker,lbakerpp@wsj.com,Male,236.68.25.187
927,Donald,Payne,dpaynepq@irs.gov,Male,199.65.253.80
928,Bobby,Collins,bcollinspr@google.de,Male,245.207.179.80
929,Rachel,Ross,rrossps@statcounter.com,Female,187.11.167.253
930,Dorothy,Gonzalez,dgonzalezpt@wix.com,Female,234.255.70.228
931,Ernest,Fields,efieldspu@theatlantic.com,Male,129.90.220.73
932,Benjamin,Collins,bcollinspv@wordpress.org,Male,237.91.145.30
933,Louis,Gonzalez,lgonzalezpw@princeton.edu,Male,105.44.18.140
934,Sean,Black,sblackpx@nsw.gov.au,Male,165.151.150.224
935,Richard,Freeman,rfreemanpy@usatoday.com,Male,55.17.250.154
936,Evelyn,Brown,ebrownpz@latimes.com,Female,150.35.131.51
937,Melissa,Howard,mhowardq0@fda.gov,Female,190.43.91.178
938,Matthew,Diaz,mdiazq1@ow.ly,Male,68.112.157.71
939,Laura,Washington,lwashingtonq2@wufoo.com,Female,14.203.10.21
940,Martin,Ellis,mellisq3@scribd.com,Male,19.1.227.214
941,Beverly,Gibson,bgibsonq4@naver.com,Female,206.49.249.119
942,Joe,Day,jdayq5@nymag.com,Male,56.50.253.74
943,Michael,Nichols,mnicholsq6@zdnet.com,Male,161.62.177.239
944,Donald,Jenkins,djenkinsq7@infoseek.co.jp,Male,30.76.164.190
945,David,Reyes,dreyesq8@51.la,Male,176.226.218.104
946,Brian,Cox,bcoxq9@earthlink.net,Male,45.116.231.233
947,Susan,Campbell,scampbellqa@360.cn,Female,195.26.210.101
948,Alan,Kennedy,akennedyqb@clickbank.net,Male,110.70.226.249
949,Paula,Dunn,pdunnqc@tiny.cc,Female,32.53.234.48
950,Henry,Fernandez,hfernandezqd@engadget.com,Male,185.68.205.25
951,Charles,Evans,cevansqe@ucoz.com,Male,173.207.214.189
952,Douglas,Miller,dmillerqf@ed.gov,Male,134.70.82.149
953,Benjamin,Lane,blaneqg@yolasite.com,Male,88.212.139.179
954,Wanda,Dixon,wdixonqh@hatena.ne.jp,Female,163.118.155.41
955,Juan,Mason,jmasonqi@bbc.co.uk,Male,169.146.85.50
956,Helen,Johnson,hjohnsonqj@dell.com,Female,61.217.232.194
957,Christina,Vasquez,cvasquezqk@deliciousdays.com,Female,116.90.92.88
958,Philip,Wallace,pwallaceql@ustream.tv,Male,180.208.192.25
959,Jimmy,Cruz,jcruzqm@blog.com,Male,14.122.61.182
960,Willie,Payne,wpayneqn@whitehouse.gov,Male,170.236.239.143
961,Melissa,Rice,mriceqo@paypal.com,Female,221.231.66.41
962,Raymond,Brooks,rbrooksqp@salon.com,Male,26.23.23.198
963,Adam,Gibson,agibsonqq@ask.com,Male,238.255.152.188
964,David,King,dkingqr@163.com,Male,81.203.210.200
965,Jose,Cooper,jcooperqs@flavors.me,Male,230.173.150.80
966,Shawn,Bowman,sbowmanqt@yolasite.com,Male,195.109.104.225
967,Patricia,Fisher,pfisherqu@yellowpages.com,Female,127.1.144.120
968,Shawn,Graham,sgrahamqv@eepurl.com,Male,128.88.67.144
969,Ruth,Kelley,rkelleyqw@freewebs.com,Female,24.239.55.128
970,Kathleen,Nichols,knicholsqx@facebook.com,Female,104.12.74.127
971,Anthony,Carr,acarrqy@mayoclinic.com,Male,232.21.241.89
972,Shirley,Watson,swatsonqz@businessinsider.com,Female,142.194.60.95
973,Ruby,King,rkingr0@blogger.com,Female,63.182.232.82
974,Denise,Fox,dfoxr1@weibo.com,Female,195.44.66.1
975,Michael,Henry,mhenryr2@cornell.edu,Male,200.134.161.92
976,Jean,Medina,jmedinar3@soundcloud.com,Female,16.108.146.231
977,Jacqueline,Ross,jrossr4@squarespace.com,Female,11.203.163.49
978,Mark,Black,mblackr5@google.cn,Male,8.214.212.6
979,Theresa,Frazier,tfrazierr6@house.gov,Female,60.227.173.55
980,Karen,Burke,kburker7@ucsd.edu,Female,40.77.155.201
981,Earl,Moreno,emorenor8@geocities.jp,Male,23.44.90.31
982,Anne,Simmons,asimmonsr9@cnbc.com,Female,77.220.202.40
983,Paul,Smith,psmithra@unicef.org,Male,176.14.123.40
984,Kevin,Fowler,kfowlerrb@ask.com,Male,146.204.186.51
985,Eric,Moreno,emorenorc@feedburner.com,Male,240.161.77.107
986,Eugene,Watkins,ewatkinsrd@blogger.com,Male,193.17.48.126
987,Emily,Cook,ecookre@sohu.com,Female,214.178.200.100
988,Steven,Lewis,slewisrf@spiegel.de,Male,251.219.225.18
989,Timothy,Kim,tkimrg@cnbc.com,Male,88.33.87.40
990,Margaret,Ramirez,mramirezrh@guardian.co.uk,Female,230.23.135.247
991,Russell,Hernandez,rhernandezri@wisc.edu,Male,2.38.125.192
992,Julia,Garza,jgarzarj@joomla.org,Female,65.50.99.66
993,Carl,Cooper,ccooperrk@freewebs.com,Male,93.198.185.10
994,Lawrence,Wallace,lwallacerl@who.int,Male,41.31.12.231
995,Justin,Oliver,joliverrm@photobucket.com,Male,214.66.170.62
996,Katherine,Murray,kmurrayrn@skyrock.com,Female,195.38.138.164
997,Christina,Edwards,cedwardsro@icio.us,Female,247.24.184.205
998,Louis,Watson,lwatsonrp@ovh.net,Male,186.42.250.35
999,Joe,Alvarez,jalvarezrq@gov.uk,Male,30.238.239.163
1000,Lillian,Thomas,lthomasrr@ucoz.com,Female,153.206.234.232
